Source,Target,Story_ID,Relation_Type,Weight,Stage,Description (Memo),,
TW01_Protagonist1,TW01_Protagonist2,TW01,Neutral,1,1,兩人喝酒聊天,,
TW01_Protagonist2,TW01_Protagonist1,TW01,Neutral,1,1,兩人喝酒聊天,,
TW01_Protagonist2,TW01_Mediator,TW01,Neutral,1,2,狗子打開收音機,,
TW01_Mediator,TW01_Protagonist1,TW01,Neutral,2,2,收音機傳出聲音,,
TW01_Mediator,TW01_Protagonist2,TW01,Neutral,2,2,收音機傳出聲音,,
TW01_Ghost,TW01_Protagonist1,TW01,Negative,2,2,預報死亡且嘻笑(心理攻擊),,
TW01_Ghost,TW01_Protagonist2,TW01,Negative,2,2,預報死亡且嘻笑,,
TW01_Protagonist1,TW01_Helper,TW01,Neutral,1,3,告知怪異狀況,,
TW01_Helper,TW01_Protagonist1,TW01,Positive,2,3,拆毀壞掉的收音機(阻斷連結),,
TW01_Helper,TW01_Protagonist2,TW01,Positive,2,3,拆毀壞掉的收音機(阻斷連結),,
TW01_Authority,TW01_Protagonist1,TW01,Positive,3,3,師父收驚,,
TW01_Authority,TW01_Protagonist2,TW01,Positive,3,3,師父收驚,,
TW02_Instigator,TW02_Game,TW02,Neutral,2,1,W女提議玩遊戲,,
TW02_Victim,TW02_Game,TW02,Neutral,3,2,T男玩遊戲(主動連結),,
TW02_Ghosts,TW02_Victim,TW02,Negative,2,2,鬼抓著手玩/聚集,,
TW02_Protagonist,TW02_Ghosts,TW02,Neutral,1,2,原PO看見鬼群,,
TW02_Ghosts,TW02_Victim,TW02,Negative,2,2,鬼跟著T男,,
TW02_Ghosts,TW02_Victim,TW02,Negative,3,3,鬼導致T男生病,,
TW02_Authority,TW02_Protagonist,TW02,Positive,2,3,神明借口說話(訊息傳遞),,
TW02_Protagonist,TW02_Victim,TW02,Positive,2,3,嚴厲警告(保護行為),,
TW02_Victim,TW02_Grandpa,TW02,Neutral,2,3,T男打電話給爺爺,,
TW02_Grandpa,TW02_Victim,TW02,Positive,3,3,爺爺載他,,
TW02_Talisman,TW02_Victim,TW02,Positive,3,3,平安符擋災,,
TW02_Authority,TW02_Victim,TW02,Positive,3,3,廟裡處理完畢,,
TW03_Mom,TW03_Authority,TW03,Neutral,2,1,媽媽請師父看風水,,
TW03_Authority,TW03_Builder,TW03,Neutral,2,1,師父問三太子的事,,
TW03_Builder,TW03_Deity,TW03,Neutral,2,1,老闆感應到三太子,,
TW03_Deity,TW03_Authority,TW03,Neutral,2,1,三太子回答這裡好玩,,
TW03_Authority,TW03_Mom,TW03,Positive,2,2,師父指出房間大凶(Target修正),,
TW03_Authority,TW03_Protagonist,TW03,Positive,2,2,師父警告不能創業(預防保護),,Negative (負向關係 / Hostile)
TW03_Protagonist,TW03_Authority,TW03,Neutral,1,2,原PO不聽勸(互動弱),,
TW03_Authority,TW03_BossWife,TW03,Positive,2,3,師父指點/傳話,,定義：造成傷害、恐懼、威脅、或削減對方能量的互動。
TW03_BossWife,TW03_Protagonist,TW03,Positive,2,3,轉達師父關心,,
TW03_Consultant,TW03_Authority,TW03,Neutral,2,3,教授詢問師父協助參選,,"對應原標註：Hostile, Attack, Victimizer。"
TW03_Authority,TW03_Consultant,TW03,Positive,3,3,師父做法助選,,
TW04_Ghost,TW04_Victim,TW04,Negative,1,1,聽到叫名字的聲音(騷擾),,Weight (強度分級)：
TW04_Victim,TW04_Senior,TW04,Neutral,2,1,詢問學長,,
TW04_Senior,TW04_Victim,TW04,Positive,1,1,學長證實也有遇到(情感支持),,1 (Mild): 騷擾/感知（感覺變冷、聞到臭味、聽到怪聲、惡作劇）。
TW04_Ghost,TW04_Victim,TW04,Negative,2,2,現身陽台,,
TW04_Victim,TW04_Mom,TW04,Neutral,2,2,告知媽媽,,2 (Moderate): 驚嚇/威脅（現身嚇人、語言恐嚇、鬼壓床但無傷）。
TW04_Ghost,TW04_Victim,TW04,Negative,2,2,再次騷擾,,
TW04_Victim,TW04_Ghost,TW04,Neutral,3,2,回應鬼魂,,3 (Severe): 傷害/附身/死亡（肢體攻擊、車禍、生重病、完全附身）。
TW04_Ghost,TW04_Victim,TW04,Negative,2,2,嚇到爬回房,,
TW04_Mom,TW04_Victim,TW04,Positive,2,3,帶去收驚,,Positive (正向關係 / Support)
TW04_Authority,TW04_Victim,TW04,Neutral,2,3,詢問是否亂說話,,
TW04_Victim,TW04_Ghost,TW04,Neutral,3,1,(回溯)亂說想交女鬼女友(建立連結),,定義：提供保護、資源、情感支持、或解決問題的互動。
TW04_Authority,TW04_Ghost,TW04,Neutral,2,3,溝通/談判,,
TW04_Authority,TW04_Victim,TW04,Positive,3,3,請走女鬼/解決問題,,"對應原標註：Support, Help, Warn, Protect。"
TW04_Ghost,TW04_Victim,TW04,Negative,1,3,(後續)壓床/摸臉(輕微騷擾),,
TW05_Cousin,TW05_Grandma,TW05,Neutral,2,1,給錢拜託帶小孩(依賴),,Weight (強度分級)：
TW05_Husband,TW05_Grandma,TW05,Neutral,2,1,給錢拜託帶小孩(依賴),,
TW05_Grandma,TW05_Child,TW05,Negative,1,1,嫌棄孫女/重男輕女,,1 (Mild): 情感支持/陪伴（朋友聽你說話、陪伴過夜、相信你）。
TW05_Husband,TW05_Grandma,TW05,Positive,1,1,老公不反抗自己的媽媽,,
TW05_Grandma,TW05_Child,TW05,Negative,3,2,餓肚子/剋扣餐費(虐待),,2 (Moderate): 提供資源/資訊（給護身符、介紹師父、警告「不要去」）。
TW05_Ancestors,TW05_Child,TW05,Negative,3,2,祖先結怨導致腦瘤,,
TW05_Cousin,TW05_Narrator,TW05,Neutral,2,2,詢問版主道士資訊,,3 (Severe): 儀式介入/拯救（收驚、驅魔、法事、神明擋災）。
TW05_Narrator,TW05_Cousin,TW05,Positive,2,2,提供道士資訊,,
TW05_Cousin,TW05_Authority,TW05,Neutral,2,3,找道士求助,,Neutral (中性關係 / Interaction)
TW05_Authority,TW05_Cousin,TW05,Neutral,1,3,請回/拒絕處理(關鍵斷裂),,
TW05_Authority,TW05_Narrator,TW05,Positive,2,3,私下告知真相(人禍大於鬼神),,定義：單純的訊息傳遞、觀察、或建立連結，沒有明顯的好壞意圖。
TW05_Grandma,TW05_Child,TW05,Negative,1,3,生病期間未探望/堅持要錢,,
TW05_Cousin,TW05_Child,TW05,Negative,3,3,死亡(最終結果),,"對應原標註：Communicate, Observe, Summon。"
KR01_landlord,KR01_Dad,KR01,Negative,2,1,房東法拍房子,,
KR01_Ghost,KR01_Dad,KR01,Negative,3,1,騙錢/趕走家人(破產),,Weight (強度分級)：
KR01_Dad,KR01_Shaman1,KR01,Neutral,2,2,詢問巫師,,
KR01_Shaman1,KR01_Dad,KR01,Positive,2,2,給符咒(提供資源),,
KR01_Dad,KR01_Talisman,KR01,Neutral,3,2,藏符咒在信箱,,1 (Passive): 單向觀察/被動接收（看見鬼影、聽到有人講話但沒互動）。
KR01_Ghost,KR01_Talisman,KR01,Negative,2,2,把符咒移到院子(破解),,
KR01_Ghost,KR01_Tenants,KR01,Negative,3,2,導致受傷/殘疾/破財,,2 (Active): 雙向對話/詢問（問「你是誰」、與神明/靈媒諮詢狀況）。
KR01_Ghost,KR01_Cousin,KR01,Neutral,1,2,堂哥見鬼,,
KR01_Ghost,KR01_Protagonist,KR01,Negative,1,2,現身/噪音,,
KR01_Protagonist,KR01_Ghost,KR01,Neutral,2,2,敲天花板(試探互動),,3 (Ritual): 主動連結/召喚（玩碟仙、觀落陰、舉行招魂儀式）。
KR01_Ghost,KR01_Protagonist,KR01,Negative,2,2,更大聲敲回來(威嚇),,
KR01_Ghost,KR01_Dad,KR01,Negative,2,2,鬼壓床,,
KR01_Ghost,KR01_Mom,KR01,Negative,2,2,鬼壓床,,
KR01_Shaman2,KR01_Protagonist,KR01,Neutral,2,2,按門鈴詢問狀況,,(註：如果是為了「害人」而召喚，則算 Negative；為了「救人」算 Positive。只有在「玩遊戲/好奇」時算 Neutral)。
KR01_Monk,KR01_Mom,KR01,Neutral,1,2,評論氣場,,
KR01_Mom,KR01_Protagonist,KR01,Positive,3,2,氣場壓制邪氣(保護),,
KR01_Mom,KR01_Dad,KR01,Positive,3,2,氣場壓制邪氣(保護),,
KR01_Ghost,KR01_NewOwner,KR01,Negative,1,3,半夜噪音/奔跑聲,,
KR01_NewOwner,KR01_Protagonist,KR01,Neutral,2,3,打電話詢問,,
KR01_Ghost,KR01_NewOwner,KR01,Negative,3,3,房客搬走,,
KR02_Shaman,KR02_Protagonist,KR02,Positive,2,1,警告勿睡勿吃(預防保護),,
KR02_Protagonist,KR02_Shaman,KR02,Neutral,1,1,半信半疑/打賭,,
KR02_Shaman,KR02_Victim,KR02,Neutral,1,1,(回溯)看見死氣但選擇不救,,
KR02_Officer,KR02_Protagonist,KR02,Neutral,2,2,命令支援現場,,
KR02_Protagonist,KR02_Victim,KR02,Neutral,1,2,現場守靈/處理遺體,,
KR02_Victim,KR02_Protagonist,KR02,Negative,2,2,遺體景象造成心理陰影,,
KR02_Shaman,KR02_Protagonist,KR02,Positive,1,3,買冰淇淋等待(安撫),,
KR02_Protagonist,KR02_Shaman,KR02,Neutral,2,3,質問為何不救,,
KR02_Shaman,KR02_Victim,KR02,Neutral,1,3,解釋命運不可違(確認不介入),,
KR03_P_Bully,KR03_Protagonist,KR03,Negative,1,1,勒索/霸凌(人際衝突),,
KR03_Protagonist,KR03_P_Bully,KR03,Neutral,1,1,發文者發現同學狀況不對,,
KR03_Protagonist,KR03_A_Student,KR03,Neutral,1,1,發文者發現同學狀況不對,,
KR03_P_Bully,KR03_Game,KR03,Neutral,3,1,玩筆仙(主動連結),,
KR03_A_Student,KR03_Game,KR03,Neutral,3,1,玩筆仙(主動連結),,
KR03_Game,KR03_Ghost,KR03,Neutral,3,1,成功召喚,,
KR03_Ghost,KR03_Game,KR03,Negative,2,2,筆指向No(拒絕離開),,
KR03_P_Bully,KR03_Game,KR03,Negative,3,2,撕毀紙張(強行中斷),,
KR03_Ghost,KR03_P_Bully,KR03,Negative,1,2,感覺冷、感覺有人盯著自己,,
KR03_Ghost,KR03_P_Bully,KR03,Negative,3,2,導致車禍腳受傷,,
KR03_Ghost,KR03_A_Student,KR03,Negative,2,2,夢中威脅殺死你/壓迫感,,
KR03_P_Bully,KR03_Protagonist,KR03,Neutral,1,3,告知實情,,
KR03_Protagonist,KR03_P_Bully,KR03,Positive,2,3,帶去找巫婆(雞婆),,
KR03_P_Bully,KR03_Shaman,KR03,Neutral,2,3,詢問巫婆狀況,,
KR03_A_Student,KR03_Shaman,KR03,Neutral,2,3,詢問巫婆狀況,,
KR03_Shaman,KR03_P_Bully,KR03,Positive,3,3,儀式驅邪/給符咒,,
KR03_Shaman,KR03_A_Student,KR03,Positive,3,3,儀式驅邪/給符咒,,
KR04_Dad,KR04_Ghost,KR04,Neutral,1,1,參加喪禮/祭祀(觸犯禁忌),,
KR04_Ghost,KR04_Dad,KR04,Negative,3,2,生病/性格改變/暴瘦,,
KR04_Dad,KR04_Mom,KR04,Negative,1,2,對家人發脾氣(性格改變影響),,
KR04_Neighbor,KR04_Mom,KR04,Positive,2,2,告知是祖先上身(關鍵診斷),,
KR04_Mom,KR04_GreatAunt,KR04,Neutral,2,3,詢問解決管道,,
KR04_GreatAunt,KR04_Mom,KR04,Positive,2,3,介紹老師給媽媽,,
KR04_Mom,KR04_Shaman,KR04,Neutral,2,3,求助老師,,
KR04_Shaman,KR04_Mom,KR04,Neutral,2,3,遠距精準診斷症狀,,
KR04_Shaman,KR04_Dad,KR04,Positive,3,3,挑日子做法/使用指甲內衣褲,,
KR05_Ghost,KR05_Aunt,KR05,Negative,2,1,每天凌晨咚咚聲(長期騷擾),,
KR05_Ghost,KR05_Husband,KR05,Negative,2,1,每天凌晨咚咚聲,,
KR05_Aunt,KR05_Guard,KR05,Neutral,2,2,詢問/理論,,
KR05_Guard,KR05_Aunt,KR05,Positive,1,2,搜查確認空屋(排除人為),,
KR05_Mom,KR05_Aunt,KR05,Positive,1,2,安慰說是流浪漢(理性化),,
KR05_Aunt,KR05_Shaman,KR05,Neutral,2,3,請巫師來看,,
KR05_Shaman,KR05_Ghost,KR05,Neutral,1,3,看出鬼的位置,,
KR05_Shaman,KR05_Aunt,KR05,Positive,2,3,揭露真相/勸搬家(逃跑建議),,
US01_Ghost1,US01_Client1,US01,Negative,2,1,"Rapping sounds, hair pulling",,
US01_Ghost1,US01_Client1,US01,Negative,3,1,"Rapping sounds, hair pulling",,
US01_Client1,US01_Minister,US01,Neutral,2,2,Seeks help (Church),,
US01_Minister,US01_Client1,US01,Positive,3,2,驅魔儀式,,
US01_Minister,US01_Ghost1,US01,Neutral,3,2,conduct ritual to detert ghost,,
US01_Ghost1,US01_Minister,US01,Negative,1,2,反抗,,
US01_Ghost1,US01_Client1,US01,Negative,2,2,Counterattack (Worsens),,
US01_Client1,US01_Narrator,US01,Neutral,2,2,向敘述者諮詢,,
US01_Ghost1,US01_Narrator,US01,Negative,2,2,現身給敘述者看,,
US01_Narrator,US01_Client1,US01,Positive,2,2,提供客戶建議,,
US01_Ghost2,US01_Client2,US01,Negative,3,1,"Possession, collapse",,
US01_Client2,US01_Parents,US01,Negative,2,1,父母被兒子搞得快崩潰,,
US01_Ghost2,US01_Parents,US01,Negative,3,2,Car accident (Counterattack),,
US01_Parents,US01_Narrator,US01,Neutral,2,2,Consults Psychic,,
US01_Narrator,US01_Ghost2,US01,Negative,1,2,現身給敘述者看,,
US01_Narrator,US01_Ghost1,US01,Neutral,3,3,Brings spirits together,,
US01_Narrator,US01_Ghost2,US01,Neutral,3,3,Brings spirits together,,
US01_Ghost2,US01_Ghost1,US01,Positive,3,3,Maternal connection (Calming),,
US01_Narrator,US01_Sage,US01,Neutral,3,3,Uses sage,,
US01_Sage,US01_Ghost1,US01,Neutral,3,3,Cleansing smoke,,
US01_Sage,US01_Ghost2,US01,Neutral,3,3,Cleansing smoke,,
US01_Narrator,US01_Ghost1,US01,Positive,3,3,Lord's Prayer (Departure),,
US01_Narrator,US01_Ghost2,US01,Positive,3,3,Lord's Prayer (Departure),,
US02_GreatGrandma,US02_Shaman,US02,Neutral,2,1,ask help from shaman,,
US02_Shaman,US02_GreatGrandma,US02,Positive,3,1,建議埋肉換子(解決方案),,
US02_GreatGrandma,US02_Meat,US02,Neutral,3,1,埋葬生肉(建立契約/儀式),,
US02_Demon,US02_Protagonist,US02,Negative,2,2,燈泡壞掉/監視感/噩夢,,
US02_Priest,US02_Demon,US02,Neutral,3,2,祝聖房間(感到恐懼/無效),,
US02_Demon,US02_Priest,US02,Negative,2,2,ritual is not effective; demon haunt priest,,
US02_Demon,US02_Dad,US02,Negative,3,2,讓父親生重病,,
US02_Demon,US02_Clock,US02,Negative,2,2,讓時鐘倒轉/停止,,
US02_Friend,US02_Demon,US02,Neutral,1,3,在葬禮目擊黑影跳出,,
US02_Friend,US02_Mom,US02,Positive,2,3,give advice to mom about somthing weird,,
US02_Mom,US02_Protagonist,US02,Neutral,2,3,be honest about the thing,,
US02_Mom,US02_Aunt,US02,Neutral,2,3,be honest about the thing,,
US02_Protagonist,US02_Mom,US02,Neutral,1,3,see that thing,,
US02_Protagonist,US02_Aunt,US02,Neutral,1,3,see that thing,,
US02_Demon,US02_Protagonist,US02,Negative,2,3,在山丘上現身對視,,
US02_Demon,US02_Stereo,US02,Neutral,3,3,操控音響播放福音歌,,
US02_Mom,US02_Stereo,US02,Neutral,3,3,try to turn off,,
US02_Stereo,US02_Protagonist,US02,Negative,2,3,嚇得家人不敢再去(驅離),,
US03_Ghost,US03_Furniture,US03,Neutral,3,1,(推測)鬼魂附著在二手家具上,,
US03_Ghost,US03_MIL,US03,Negative,2,2,(回溯)婆婆睡不好/無法安寧,,
US03_Ghost,US03_Protagonist,US03,Negative,2,2,半夜叫醒/感覺不孤單,,
US03_Protagonist,US03_spiritual_teacher,US03,Neutral,2,2,邀請老師住宿/詢問,,
US03_Ghost,US03_spiritual_teacher,US03,Negative,2,3,讓老師睡不好(輕微干擾),,
US03_spiritual_teacher,US03_Protagonist,US03,Positive,2,3,告知真相(不是惡鬼),,
US03_spiritual_teacher,US03_Ghost,US03,Neutral,3,3,舉行儀式送走(解決),,
US03_Ghost,US03_spiritual_teacher,US03,Negative,1,3,感到煩躁(抵抗),,
US03_spiritual_teacher,US03_Protagonist,US03,Positive,2,3,警告不要堆盎「雜物」,,
US04_Protagonist,US04_Ouija,US04,Neutral,3,1,給予許可/嘗試溝通,,
US04_Friend2,US04_Ouija,US04,Neutral,3,1,給予許可/嘗試溝通,,
US04_Ghost,US04_Protagonist,US04,Negative,2,2,瘋狂甩門,,
US04_Protagonist,US04_Curse,US04,Neutral,3,2,朗讀牆上咒語(觸發),,
US04_Curse,US04_Ghost,US04,Neutral,3,2,召喚出鬼魂？,,
US04_Ghost,US04_Protagonist,US04,Negative,2,2,開門聲/跟蹤感,,
US04_Ghost,US04_Friend2,US04,Negative,2,2,開門聲/跟蹤感,,
US04_Ghost,US04_Protagonist,US04,Negative,1,2,鬼打牆,,
US04_Ghost,US04_Friend2,US04,Negative,1,2,鬼打牆,,
US04_Wiccan,US04_Protagonist,US04,Positive,2,3,塔羅占卜警告(Remote Support),,
US04_Ghost,US04_Candle,US04,Neutral,3,3,使蠟燭熄滅,,
US04_Ghost,US04_Protagonist,US04,Negative,2,3,耳邊口哨/全身麻痺(攻擊),,
US04_Ghost,US04_Friend2,US04,Negative,2,3,後腦疼痛,,
US04_Protagonist,US04_Friend2,US04,Positive,2,3,決定立刻撤離(互相保護),,
US05_Ghost,US05_friend,US05,Negative,1,1,門狂甩/東西飛(騷擾),,
US05_Ghost,US05_friend,US05,Negative,2,1,門狂甩/東西飛(騷擾),,
US05_friend,US05_Exorcist,US05,Neutral,2,1,找驅魔師,,
US05_Exorcist,US05_Ghost,US05,Neutral,3,1,驅魔儀式(結果不明/失敗),,
US05_Protagonist,US05_Sage,US05,Neutral,3,2,使用鼠尾草,,
US05_Sage,US05_Ghost,US05,Neutral,3,2,試圖趕走(無效),,
US05_Ghost,US05_Sage,US05,Negative,1,2,鬼反抗鼠尾草淨化效果,,
US05_Son,US05_Ghost,US05,Neutral,1,2,感應到自殺位置(診斷),,
US05_Son,US05_Protagonist,US05,Positive,2,2,告訴媽媽有自殺鬼,,
US05_Ghost,US05_Protagonist,US05,Negative,2,2,衣架無緣無故掉下來,,
US05_Ghost,US05_Protagonist,US05,Negative,2,2,摔飛手機,,
US05_Protagonist,US05_Ghost,US05,Neutral,2,3,"口頭確認""我知道你在""",,
US05_Ghost,US05_Alexa,US05,Neutral,3,3,操控電器,,
US05_Protagonist,US05_Alexa,US05,Neutral,2,3,口頭遙控電器,,
US05_Alexa,US05_Protagonist,US05,Neutral,3,3,播歌回應(確認收到訊息),,